{
    "Best Model": "XGBoost",
    "Accuracy": 0.7075,
    "Precision": 0.5259770114942529,
    "Recall": 0.6124197002141327,
    "F1_Score": 0.5659163987138263,
    "ROC_AUC_Score": 0.6814518636598252
}