{
    "Best Model": "Random Forest",
    "Accuracy": 0.9256666666666666,
    "Precision": 0.872183908045977,
    "Recall": 0.9186440677966101,
    "F1_Score": 0.8948113207547169,
    "ROC_AUC_Score": 0.9239980186505287
}