{
    "Best Model": "Random Forest",
    "Accuracy": 0.871,
    "Precision": 0.7379310344827587,
    "Recall": 0.8872305140961857,
    "F1_Score": 0.8057228915662651,
    "ROC_AUC_Score": 0.8756123937696391
}