{
    "Best Model": "Random Forest",
    "Accuracy": 0.8438333333333333,
    "Precision": 0.7011494252873564,
    "Recall": 0.8416114790286976,
    "F1_Score": 0.764986205166792,
    "ROC_AUC_Score": 0.8432030652068033
}